event_id,account_id,occurred_at,channel
1,1001,2015-10-06,pinterest
2,1001,2015-11-05,organic
3,1001,2015-12-04,facebook
4,1001,2016-01-02,twitter
5,1001,2016-02-01,direct
6,1001,2016-03-02,twitter
7,1001,2016-04-01,adwords
8,1001,2016-05-01,twitter
9,1001,2016-05-31,adwords
10,1001,2016-06-30,organic
11,1001,2016-07-30,pinterest
12,1001,2016-08-28,pinterest
13,1001,2016-09-26,pinterest
14,1001,2016-10-26,direct
15,1001,2016-11-25,organic
16,1001,2016-12-24,pinterest
17,1011,2016-12-21,pinterest
18,1021,2015-10-12,facebook
19,1021,2015-11-11,direct
20,1021,2015-12-11,direct
21,1021,2016-01-10,pinterest
22,1021,2016-02-09,twitter
23,1021,2016-03-10,organic
24,1031,2016-12-25,adwords
25,1041,2016-10-14,direct
26,1041,2016-11-13,direct
27,1041,2016-12-12,adwords
28,1051,2016-08-02,pinterest
29,1051,2016-09-01,pinterest
30,1051,2016-10-01,organic
31,1051,2016-10-31,adwords
32,1051,2016-11-30,adwords
33,1051,2016-12-30,pinterest
34,1061,2016-10-19,pinterest
35,1061,2016-11-17,organic
36,1061,2016-12-16,direct
37,1071,2016-12-13,facebook
38,1081,2015-02-12,twitter
39,1081,2015-03-13,adwords
40,1081,2015-04-12,adwords
41,1081,2015-05-12,twitter
42,1081,2015-06-11,organic
43,1081,2015-07-11,pinterest
44,1081,2015-08-09,direct
45,1081,2015-09-07,pinterest
46,1081,2015-10-07,pinterest
47,1081,2015-11-06,direct
48,1081,2015-12-05,pinterest
49,1081,2016-01-03,pinterest
50,1081,2016-02-01,direct
51,1081,2016-03-02,twitter
52,1081,2016-04-01,pinterest
53,1081,2016-04-30,facebook
54,1081,2016-05-30,direct
55,1081,2016-06-28,organic
56,1081,2016-07-28,pinterest
57,1081,2016-08-26,facebook
58,1081,2016-09-24,facebook
59,1081,2016-10-24,twitter
60,1081,2016-11-23,pinterest
61,1081,2016-12-23,pinterest
62,1091,2014-08-15,facebook
63,1091,2014-09-13,facebook
64,1091,2014-10-13,pinterest
65,1091,2014-11-12,adwords
66,1091,2014-12-11,pinterest
67,1091,2015-01-09,direct
68,1091,2015-02-08,organic
69,1091,2015-03-09,pinterest
70,1091,2015-04-07,direct
71,1091,2015-05-06,adwords
72,1091,2015-06-05,pinterest
73,1091,2015-07-05,twitter
74,1091,2015-08-03,facebook
75,1091,2015-09-01,organic
76,1091,2015-10-01,organic
77,1091,2015-10-31,organic
78,1091,2015-11-29,facebook
79,1091,2015-12-28,adwords
80,1091,2016-01-26,adwords
81,1091,2016-02-25,facebook
82,1091,2016-03-25,organic
83,1091,2016-04-24,adwords
84,1091,2016-05-23,pinterest
85,1091,2016-06-22,adwords
86,1091,2016-07-21,direct
87,1091,2016-08-20,adwords
88,1091,2016-09-18,twitter
89,1091,2016-10-17,direct
90,1091,2016-11-15,organic
91,1091,2016-12-14,organic
92,1101,2015-06-24,adwords
93,1101,2015-07-24,organic
94,1101,2015-08-22,facebook
95,1101,2015-09-21,organic
96,1101,2015-10-21,pinterest
97,1101,2015-11-20,pinterest
98,1101,2015-12-19,pinterest
99,1101,2016-01-17,direct
100,1101,2016-02-15,organic
101,1101,2016-03-15,pinterest
102,1101,2016-04-13,facebook
103,1101,2016-05-13,pinterest
104,1101,2016-06-12,twitter
105,1111,2015-11-15,organic
106,1111,2015-12-15,twitter
107,1121,2015-08-26,facebook
108,1121,2015-09-25,organic
109,1121,2015-10-24,facebook
110,1121,2015-11-22,adwords
111,1121,2015-12-21,twitter
112,1121,2016-01-20,adwords
113,1121,2016-02-19,pinterest
114,1121,2016-03-19,facebook
115,1121,2016-04-18,direct
116,1121,2016-05-17,adwords
117,1121,2016-06-16,direct
118,1121,2016-07-15,pinterest
119,1121,2016-08-13,organic
120,1121,2016-09-11,twitter
121,1121,2016-10-10,organic
122,1121,2016-11-08,organic
123,1121,2016-12-07,twitter
124,1131,2016-05-13,adwords
125,1131,2016-06-12,pinterest
126,1131,2016-07-11,organic
127,1131,2016-08-10,twitter
128,1131,2016-09-09,pinterest
129,1131,2016-10-09,organic
130,1131,2016-11-07,organic
131,1131,2016-12-07,facebook
132,1141,2016-09-24,pinterest
133,1141,2016-10-23,organic
134,1141,2016-11-22,organic
135,1141,2016-12-21,adwords
136,1151,2016-12-30,facebook
137,1161,2016-03-06,pinterest
138,1161,2016-04-05,pinterest
139,1161,2016-05-05,facebook
140,1161,2016-06-04,organic
141,1161,2016-07-03,pinterest
142,1161,2016-08-01,adwords
143,1161,2016-08-31,adwords
144,1161,2016-09-29,organic
145,1161,2016-10-28,twitter
146,1161,2016-11-26,adwords
147,1161,2016-12-25,organic
148,1171,2016-08-24,direct
149,1171,2016-09-23,organic
150,1171,2016-10-22,adwords
151,1171,2016-11-20,adwords
152,1171,2016-12-20,adwords
153,1181,2013-12-17,organic
154,1181,2014-01-16,facebook
155,1181,2014-02-14,facebook
156,1181,2014-03-16,facebook
157,1181,2014-04-14,twitter
158,1181,2014-05-14,adwords
159,1181,2014-06-13,facebook
160,1181,2014-07-13,direct
161,1181,2014-08-12,direct
162,1181,2014-09-10,organic
163,1181,2014-10-10,facebook
164,1181,2014-11-09,twitter
165,1181,2014-12-09,organic
166,1181,2015-01-08,organic
167,1181,2015-02-06,pinterest
168,1181,2015-03-08,adwords
169,1181,2015-04-06,twitter
170,1181,2015-05-06,adwords
171,1181,2015-06-05,organic
172,1181,2015-07-04,organic
173,1181,2015-08-03,twitter
174,1181,2015-09-01,facebook
175,1181,2015-10-01,direct
176,1181,2015-10-31,adwords
177,1181,2015-11-29,facebook
178,1181,2015-12-28,organic
179,1181,2016-01-26,organic
180,1181,2016-02-25,adwords
181,1181,2016-03-25,direct
182,1181,2016-04-24,direct
183,1181,2016-05-23,facebook
184,1181,2016-06-22,pinterest
185,1181,2016-07-21,facebook
186,1181,2016-08-19,twitter
187,1181,2016-09-18,direct
188,1181,2016-10-18,adwords
189,1181,2016-11-17,pinterest
190,1181,2016-12-17,twitter
191,1191,2016-01-24,direct
192,1191,2016-02-23,adwords
193,1191,2016-03-23,organic
194,1191,2016-04-22,facebook
195,1191,2016-05-21,direct
196,1191,2016-06-20,direct
197,1191,2016-07-19,twitter
198,1191,2016-08-18,direct
199,1191,2016-09-17,facebook
200,1191,2016-10-16,twitter
201,1191,2016-11-15,twitter
202,1191,2016-12-15,pinterest
203,1201,2016-11-12,pinterest
204,1201,2016-12-11,direct
205,1211,2016-11-22,adwords
206,1211,2016-12-21,direct
207,1221,2015-01-20,pinterest
208,1221,2015-02-18,twitter
209,1221,2015-03-19,organic
210,1221,2015-04-17,organic
211,1221,2015-05-16,facebook
212,1221,2015-06-15,facebook
213,1221,2015-07-15,adwords
214,1221,2015-08-14,organic
215,1221,2015-09-12,pinterest
216,1221,2015-10-11,pinterest
217,1221,2015-11-09,facebook
218,1221,2015-12-08,pinterest
219,1221,2016-01-06,direct
220,1221,2016-02-04,direct
221,1221,2016-03-04,facebook
222,1221,2016-04-03,pinterest
223,1221,2016-05-03,organic
224,1221,2016-06-01,facebook
225,1221,2016-06-30,facebook
226,1221,2016-07-29,facebook
227,1221,2016-08-27,twitter
228,1221,2016-09-26,twitter
229,1221,2016-10-26,pinterest
230,1221,2016-11-25,organic
231,1221,2016-12-24,twitter
232,1231,2016-02-26,facebook
233,1231,2016-03-27,adwords
234,1231,2016-04-26,twitter
235,1231,2016-05-26,adwords
236,1231,2016-06-25,pinterest
237,1231,2016-07-24,pinterest
238,1231,2016-08-23,pinterest
239,1231,2016-09-22,pinterest
240,1231,2016-10-21,direct
241,1231,2016-11-20,adwords
242,1231,2016-12-20,twitter
243,1241,2016-06-14,twitter
244,1241,2016-07-13,organic
245,1241,2016-08-11,facebook
246,1241,2016-09-09,organic
247,1241,2016-10-08,twitter
248,1241,2016-11-07,twitter
249,1241,2016-12-06,pinterest
250,1251,2013-12-11,pinterest
251,1251,2014-01-09,direct
252,1251,2014-02-07,facebook
253,1251,2014-03-08,direct
254,1251,2014-04-07,adwords
255,1251,2014-05-07,twitter
256,1251,2014-06-06,direct
257,1251,2014-07-05,direct
258,1251,2014-08-04,twitter
259,1251,2014-09-03,twitter
260,1251,2014-10-02,pinterest
261,1251,2014-11-01,pinterest
262,1251,2014-12-01,twitter
263,1251,2014-12-30,organic
264,1251,2015-01-28,adwords
265,1261,2014-11-12,direct
266,1261,2014-12-11,twitter
267,1261,2015-01-09,twitter
268,1261,2015-02-07,direct
269,1261,2015-03-08,adwords
270,1261,2015-04-07,adwords
271,1261,2015-05-06,organic
272,1261,2015-06-04,adwords
273,1261,2015-07-03,direct
274,1261,2015-08-02,twitter
275,1261,2015-08-31,adwords
276,1261,2015-09-29,twitter
277,1261,2015-10-29,organic
278,1261,2015-11-27,twitter
279,1261,2015-12-27,pinterest
280,1261,2016-01-26,pinterest
281,1261,2016-02-25,facebook
282,1261,2016-03-26,organic
283,1261,2016-04-24,organic
284,1261,2016-05-23,direct
285,1261,2016-06-22,facebook
286,1261,2016-07-21,facebook
287,1261,2016-08-19,direct
288,1261,2016-09-18,organic
289,1261,2016-10-17,facebook
290,1261,2016-11-15,direct
291,1261,2016-12-15,twitter
292,1271,2015-10-28,adwords
293,1271,2015-11-26,adwords
294,1281,2013-12-05,adwords
295,1281,2014-01-03,organic
296,1281,2014-02-02,twitter
297,1281,2014-03-03,adwords
298,1281,2014-04-01,adwords
299,1281,2014-05-01,pinterest
300,1281,2014-05-30,pinterest
301,1281,2014-06-29,facebook
302,1281,2014-07-28,twitter
303,1281,2014-08-26,organic
304,1281,2014-09-25,facebook
305,1281,2014-10-25,direct
306,1281,2014-11-24,facebook
307,1281,2014-12-24,direct
308,1281,2015-01-23,twitter
309,1281,2015-02-22,facebook
310,1281,2015-03-24,direct
311,1281,2015-04-23,pinterest
312,1281,2015-05-22,organic
313,1281,2015-06-20,facebook
314,1281,2015-07-20,twitter
315,1281,2015-08-19,organic
316,1281,2015-09-18,organic
317,1281,2015-10-18,organic
318,1281,2015-11-16,adwords
319,1281,2015-12-16,facebook
320,1281,2016-01-15,organic
321,1281,2016-02-13,facebook
322,1281,2016-03-14,adwords
323,1281,2016-04-13,twitter
324,1281,2016-05-13,pinterest
325,1281,2016-06-12,adwords
326,1281,2016-07-12,adwords
327,1281,2016-08-11,twitter
328,1281,2016-09-10,direct
329,1281,2016-10-09,organic
330,1281,2016-11-08,pinterest
331,1281,2016-12-08,adwords
332,1291,2015-05-06,pinterest
333,1291,2015-06-04,twitter
334,1291,2015-07-04,facebook
335,1291,2015-08-03,direct
336,1291,2015-09-01,direct
337,1291,2015-10-01,twitter
338,1291,2015-10-30,adwords
339,1291,2015-11-28,facebook
340,1291,2015-12-27,pinterest
341,1291,2016-01-26,facebook
342,1291,2016-02-25,twitter
343,1291,2016-03-25,direct
344,1291,2016-04-23,organic
345,1291,2016-05-22,pinterest
346,1291,2016-06-20,facebook
347,1291,2016-07-19,direct
348,1291,2016-08-18,pinterest
349,1291,2016-09-17,pinterest
350,1291,2016-10-17,adwords
351,1291,2016-11-16,twitter
352,1291,2016-12-15,twitter
353,1301,2013-12-08,pinterest
354,1301,2014-01-07,twitter
355,1301,2014-02-05,facebook
356,1301,2014-03-06,pinterest
357,1301,2014-04-05,adwords
358,1301,2014-05-04,pinterest
359,1301,2014-06-02,adwords
360,1301,2014-07-01,twitter
361,1301,2014-07-31,pinterest
362,1301,2014-08-30,adwords
363,1301,2014-09-29,facebook
364,1301,2014-10-28,pinterest
365,1301,2014-11-26,facebook
366,1301,2014-12-26,facebook
367,1301,2015-01-24,twitter
368,1301,2015-02-22,twitter
369,1301,2015-03-23,organic
370,1301,2015-04-21,facebook
371,1301,2015-05-21,pinterest
372,1301,2015-06-20,organic
373,1301,2015-07-20,facebook
374,1301,2015-08-19,facebook
375,1301,2015-09-17,adwords
376,1301,2015-10-16,twitter
377,1301,2015-11-14,organic
378,1301,2015-12-13,organic
379,1301,2016-01-11,twitter
380,1301,2016-02-09,organic
381,1301,2016-03-10,organic
382,1301,2016-04-08,twitter
383,1301,2016-05-07,pinterest
384,1301,2016-06-05,pinterest
385,1301,2016-07-04,twitter
386,1301,2016-08-02,organic
387,1301,2016-09-01,twitter
388,1301,2016-10-01,twitter
389,1301,2016-10-31,twitter
390,1301,2016-11-29,adwords
391,1301,2016-12-29,adwords
392,1311,2016-07-07,twitter
393,1311,2016-08-06,twitter
394,1311,2016-09-05,direct
395,1311,2016-10-04,pinterest
396,1311,2016-11-03,organic
397,1311,2016-12-02,twitter
398,1311,2017-01-01,organic
399,1321,2015-12-15,organic
400,1321,2016-01-13,adwords
401,1321,2016-02-12,facebook
402,1321,2016-03-12,pinterest
403,1321,2016-04-10,pinterest
404,1321,2016-05-10,adwords
405,1321,2016-06-09,twitter
406,1321,2016-07-08,twitter
407,1321,2016-08-07,twitter
408,1321,2016-09-05,twitter
409,1321,2016-10-05,twitter
410,1321,2016-11-03,facebook
411,1321,2016-12-03,adwords
412,1321,2017-01-01,organic
413,1331,2016-08-18,twitter
414,1331,2016-09-16,organic
415,1331,2016-10-15,organic
416,1331,2016-11-14,adwords
417,1331,2016-12-13,direct
418,1341,2016-08-28,twitter
419,1341,2016-09-26,twitter
420,1341,2016-10-26,organic
421,1341,2016-11-24,twitter
422,1341,2016-12-23,facebook
423,1351,2016-08-21,direct
424,1351,2016-09-19,direct
425,1351,2016-10-18,adwords
426,1351,2016-11-16,pinterest
427,1351,2016-12-15,direct
428,1361,2016-09-01,facebook
429,1361,2016-09-30,facebook
430,1361,2016-10-29,adwords
431,1361,2016-11-27,adwords
432,1371,2015-08-15,adwords
433,1371,2015-09-14,twitter
434,1371,2015-10-14,pinterest
435,1371,2015-11-13,twitter
436,1371,2015-12-12,adwords
437,1371,2016-01-10,pinterest
438,1371,2016-02-09,adwords
439,1371,2016-03-09,organic
440,1371,2016-04-07,facebook
441,1371,2016-05-07,organic
442,1371,2016-06-06,organic
443,1371,2016-07-05,twitter
444,1371,2016-08-04,facebook
445,1371,2016-09-02,organic
446,1371,2016-10-02,direct
447,1371,2016-11-01,adwords
448,1371,2016-12-01,organic
449,1371,2016-12-31,twitter
450,1381,2016-11-12,adwords
451,1381,2016-12-11,direct
452,1391,2016-10-07,direct
453,1391,2016-11-05,organic
454,1391,2016-12-04,pinterest
455,1401,2013-12-12,facebook
456,1401,2014-01-11,facebook
457,1401,2014-02-10,direct
458,1401,2014-03-11,pinterest
459,1401,2014-04-10,organic
460,1401,2014-05-10,facebook
461,1401,2014-06-09,twitter
462,1401,2014-07-09,direct
463,1401,2014-08-07,adwords
464,1401,2014-09-05,facebook
465,1401,2014-10-05,pinterest
466,1401,2014-11-03,facebook
467,1401,2014-12-02,twitter
468,1401,2015-01-01,direct
469,1401,2015-01-31,direct
470,1401,2015-03-01,adwords
471,1401,2015-03-31,organic
472,1401,2015-04-29,organic
473,1401,2015-05-29,facebook
474,1401,2015-06-28,adwords
475,1401,2015-07-27,organic
476,1401,2015-08-26,direct
477,1401,2015-09-25,twitter
478,1401,2015-10-25,twitter
479,1401,2015-11-23,organic
480,1401,2015-12-23,adwords
481,1401,2016-01-22,direct
482,1401,2016-02-20,twitter
483,1401,2016-03-21,pinterest
484,1401,2016-04-19,organic
485,1401,2016-05-18,pinterest
486,1401,2016-06-16,twitter
487,1401,2016-07-16,adwords
488,1401,2016-08-15,organic
489,1401,2016-09-14,organic
490,1401,2016-10-14,organic
491,1401,2016-11-12,facebook
492,1401,2016-12-12,pinterest
493,1411,2013-12-30,pinterest
494,1411,2014-01-29,organic
495,1411,2014-02-28,direct
496,1411,2014-03-30,twitter
497,1411,2014-04-28,organic
498,1411,2014-05-27,direct
499,1411,2014-06-26,pinterest
500,1411,2014-07-26,twitter
501,1411,2014-08-24,facebook
502,1411,2014-09-23,direct
503,1411,2014-10-23,organic
504,1411,2014-11-21,facebook
505,1411,2014-12-20,adwords
506,1411,2015-01-19,pinterest
507,1411,2015-02-18,adwords
508,1411,2015-03-19,pinterest
509,1411,2015-04-17,organic
510,1411,2015-05-16,twitter
511,1411,2015-06-15,direct
512,1411,2015-07-14,facebook
513,1411,2015-08-13,facebook
514,1411,2015-09-11,adwords
515,1411,2015-10-10,pinterest
516,1411,2015-11-08,pinterest
517,1411,2015-12-08,organic
518,1411,2016-01-06,facebook
519,1411,2016-02-04,adwords
520,1411,2016-03-05,direct
521,1411,2016-04-04,direct
522,1411,2016-05-03,twitter
523,1411,2016-06-02,direct
524,1411,2016-07-02,pinterest
525,1411,2016-08-01,direct
526,1411,2016-08-31,facebook
527,1411,2016-09-30,facebook
528,1411,2016-10-29,organic
529,1411,2016-11-28,direct
530,1411,2016-12-28,twitter
531,1421,2014-01-01,facebook
532,1421,2014-01-30,direct
533,1421,2014-02-28,organic
534,1421,2014-03-30,facebook
535,1421,2014-04-28,pinterest
536,1421,2014-05-28,adwords
537,1421,2014-06-27,adwords
538,1421,2014-07-26,facebook
539,1421,2014-08-25,organic
540,1421,2014-09-24,pinterest
541,1421,2014-10-24,pinterest
542,1421,2014-11-23,facebook
543,1421,2014-12-22,direct
544,1421,2015-01-20,adwords
545,1421,2015-02-19,twitter
546,1421,2015-03-20,facebook
547,1421,2015-04-19,pinterest
548,1421,2015-05-19,twitter
549,1421,2015-06-17,facebook
550,1421,2015-07-17,pinterest
551,1421,2015-08-16,twitter
552,1421,2015-09-15,direct
553,1421,2015-10-14,direct
554,1421,2015-11-13,facebook
555,1421,2015-12-12,twitter
556,1421,2016-01-10,twitter
557,1421,2016-02-09,organic
558,1421,2016-03-10,organic
559,1421,2016-04-08,pinterest
560,1421,2016-05-07,adwords
561,1421,2016-06-06,facebook
562,1421,2016-07-05,twitter
563,1421,2016-08-03,twitter
564,1421,2016-09-02,organic
565,1421,2016-10-02,direct
566,1421,2016-11-01,direct
567,1421,2016-12-01,facebook
568,1421,2016-12-31,twitter
569,1431,2016-03-28,direct
570,1431,2016-04-27,direct
571,1431,2016-05-26,facebook
572,1431,2016-06-25,pinterest
573,1441,2013-12-28,facebook
574,1441,2014-01-27,pinterest
575,1441,2014-02-25,adwords
576,1441,2014-03-27,pinterest
577,1441,2014-04-26,pinterest
578,1441,2014-05-25,twitter
579,1441,2014-06-23,facebook
580,1441,2014-07-22,twitter
581,1441,2014-08-21,twitter
582,1441,2014-09-19,direct
583,1441,2014-10-18,facebook
584,1441,2014-11-16,organic
585,1441,2014-12-16,adwords
586,1441,2015-01-15,organic
587,1441,2015-02-13,pinterest
588,1441,2015-03-14,facebook
589,1441,2015-04-13,direct
590,1441,2015-05-12,adwords
591,1441,2015-06-10,twitter
592,1441,2015-07-09,adwords
593,1441,2015-08-08,facebook
594,1441,2015-09-06,twitter
595,1441,2015-10-06,adwords
596,1441,2015-11-04,twitter
597,1441,2015-12-04,organic
598,1441,2016-01-03,pinterest
599,1441,2016-02-01,pinterest
600,1441,2016-03-02,facebook
601,1441,2016-04-01,direct
602,1441,2016-05-01,direct
603,1441,2016-05-31,twitter
604,1441,2016-06-29,direct
605,1441,2016-07-29,twitter
606,1441,2016-08-28,organic
607,1441,2016-09-27,pinterest
608,1451,2014-05-04,direct
609,1451,2014-06-03,facebook
610,1451,2014-07-02,direct
611,1451,2014-08-01,twitter
612,1451,2014-08-31,twitter
613,1451,2014-09-30,organic
614,1451,2014-10-30,twitter
615,1451,2014-11-29,adwords
616,1451,2014-12-29,pinterest
617,1451,2015-01-28,facebook
618,1451,2015-02-26,facebook
619,1451,2015-03-27,facebook
620,1451,2015-04-26,direct
621,1451,2015-05-25,twitter
622,1451,2015-06-24,organic
623,1451,2015-07-24,pinterest
624,1451,2015-08-23,twitter
625,1451,2015-09-21,organic
626,1451,2015-10-20,direct
627,1451,2015-11-18,organic
628,1451,2015-12-17,pinterest
629,1451,2016-01-15,pinterest
630,1451,2016-02-13,pinterest
631,1451,2016-03-14,twitter
632,1451,2016-04-12,twitter
633,1451,2016-05-11,pinterest
634,1451,2016-06-10,pinterest
635,1451,2016-07-10,twitter
636,1451,2016-08-09,organic
637,1451,2016-09-08,adwords
638,1451,2016-10-08,organic
639,1451,2016-11-07,organic
640,1451,2016-12-06,direct
641,1461,2015-12-12,pinterest
642,1461,2016-01-10,direct
643,1461,2016-02-09,pinterest
644,1461,2016-03-10,direct
645,1461,2016-04-08,direct
646,1461,2016-05-07,twitter
647,1461,2016-06-05,direct
648,1461,2016-07-04,twitter
649,1461,2016-08-02,pinterest
650,1461,2016-08-31,twitter
651,1461,2016-09-30,twitter
652,1461,2016-10-29,pinterest
653,1461,2016-11-27,twitter
654,1461,2016-12-26,direct
655,1471,2017-01-01,twitter
656,1481,2016-12-19,twitter
657,1491,2015-02-15,organic
658,1491,2015-03-17,facebook
659,1491,2015-04-15,pinterest
660,1491,2015-05-15,direct
661,1491,2015-06-13,facebook
662,1491,2015-07-12,adwords
663,1491,2015-08-10,twitter
664,1491,2015-09-08,pinterest
665,1491,2015-10-08,organic
666,1491,2015-11-07,pinterest
667,1491,2015-12-07,pinterest
668,1491,2016-01-06,direct
669,1491,2016-02-05,adwords
670,1491,2016-03-05,pinterest
671,1491,2016-04-04,adwords
672,1491,2016-05-03,organic
673,1491,2016-06-01,adwords
674,1491,2016-07-01,facebook
675,1491,2016-07-31,facebook
676,1491,2016-08-30,adwords
677,1491,2016-09-28,organic
678,1491,2016-10-27,adwords
679,1491,2016-11-25,facebook
680,1491,2016-12-24,organic
681,1501,2015-01-30,facebook
682,1501,2015-03-01,adwords
683,1501,2015-03-31,facebook
684,1501,2015-04-29,twitter
685,1501,2015-05-28,organic
686,1501,2015-06-26,direct
687,1501,2015-07-25,direct
688,1501,2015-08-23,twitter
689,1501,2015-09-21,organic
690,1501,2015-10-21,pinterest
691,1501,2015-11-19,pinterest
692,1501,2015-12-19,pinterest
693,1501,2016-01-17,adwords
694,1501,2016-02-15,organic
695,1501,2016-03-15,adwords
696,1501,2016-04-14,organic
697,1501,2016-05-14,facebook
698,1501,2016-06-12,adwords
699,1501,2016-07-11,twitter
700,1501,2016-08-09,facebook
701,1501,2016-09-08,pinterest
702,1501,2016-10-07,facebook
703,1501,2016-11-05,adwords
704,1501,2016-12-05,direct
705,1511,2016-03-20,organic
706,1511,2016-04-19,twitter
707,1511,2016-05-19,twitter
708,1511,2016-06-18,direct
709,1511,2016-07-17,pinterest
710,1511,2016-08-15,direct
711,1511,2016-09-14,facebook
712,1511,2016-10-14,adwords
713,1511,2016-11-13,facebook
714,1511,2016-12-12,organic
715,1521,2013-12-31,twitter
716,1521,2014-01-29,pinterest
717,1521,2014-02-27,facebook
718,1521,2014-03-29,direct
719,1521,2014-04-28,pinterest
720,1521,2014-05-28,organic
721,1521,2014-06-27,twitter
722,1521,2014-07-27,pinterest
723,1521,2014-08-26,organic
724,1521,2014-09-24,adwords
725,1521,2014-10-24,direct
726,1521,2014-11-23,direct
727,1521,2014-12-22,organic
728,1521,2015-01-21,direct
729,1521,2015-02-20,twitter
730,1521,2015-03-21,facebook
731,1521,2015-04-19,facebook
732,1521,2015-05-18,direct
733,1521,2015-06-16,twitter
734,1521,2015-07-16,twitter
735,1521,2015-08-15,facebook
736,1521,2015-09-14,twitter
737,1521,2015-10-13,adwords
738,1521,2015-11-12,pinterest
739,1521,2015-12-11,pinterest
740,1521,2016-01-09,direct
741,1521,2016-02-08,adwords
742,1521,2016-03-08,direct
743,1521,2016-04-06,direct
744,1521,2016-05-06,pinterest
745,1521,2016-06-05,adwords
746,1521,2016-07-05,direct
747,1521,2016-08-03,adwords
748,1521,2016-09-02,pinterest
749,1521,2016-10-02,adwords
750,1521,2016-10-31,direct
751,1521,2016-11-29,twitter
752,1521,2016-12-28,direct
753,1531,2013-12-10,organic
754,1531,2014-01-08,twitter
755,1531,2014-02-07,twitter
756,1531,2014-03-09,direct
757,1531,2014-04-07,twitter
758,1531,2014-05-06,twitter
759,1531,2014-06-05,organic
760,1531,2014-07-04,organic
761,1531,2014-08-03,facebook
762,1531,2014-09-02,pinterest
763,1531,2014-10-01,direct
764,1531,2014-10-31,facebook
765,1531,2014-11-29,facebook
766,1531,2014-12-28,twitter
767,1531,2015-01-26,organic
768,1531,2015-02-24,pinterest
769,1531,2015-03-25,twitter
770,1531,2015-04-23,adwords
771,1531,2015-05-22,organic
772,1531,2015-06-21,twitter
773,1531,2015-07-20,twitter
774,1531,2015-08-18,direct
775,1531,2015-09-16,adwords
776,1531,2015-10-16,facebook
777,1531,2015-11-14,direct
778,1531,2015-12-14,twitter
779,1531,2016-01-13,facebook
780,1531,2016-02-11,pinterest
781,1531,2016-03-12,twitter
782,1531,2016-04-10,organic
783,1531,2016-05-10,direct
784,1531,2016-06-09,pinterest
785,1531,2016-07-08,direct
786,1531,2016-08-06,pinterest
787,1531,2016-09-05,direct
788,1531,2016-10-04,facebook
789,1531,2016-11-03,facebook
790,1531,2016-12-03,direct
791,1541,2015-06-07,facebook
792,1541,2015-07-06,pinterest
793,1541,2015-08-04,facebook
794,1541,2015-09-03,facebook
795,1541,2015-10-02,adwords
796,1541,2015-10-31,pinterest
797,1541,2015-11-30,adwords
798,1541,2015-12-30,twitter
799,1541,2016-01-28,organic
800,1541,2016-02-27,pinterest
801,1541,2016-03-28,facebook
802,1541,2016-04-26,pinterest
803,1541,2016-05-25,direct
804,1541,2016-06-24,facebook
805,1541,2016-07-24,organic
806,1541,2016-08-23,direct
807,1541,2016-09-21,pinterest
808,1541,2016-10-21,direct
809,1541,2016-11-20,twitter
810,1541,2016-12-20,direct
811,1551,2016-12-13,adwords
812,1561,2013-12-17,pinterest
813,1561,2014-01-16,twitter
814,1561,2014-02-14,facebook
815,1561,2014-03-15,organic
816,1561,2014-04-13,pinterest
817,1561,2014-05-13,twitter
818,1561,2014-06-11,direct
819,1561,2014-07-10,direct
820,1561,2014-08-09,pinterest
821,1561,2014-09-08,organic
822,1561,2014-10-08,adwords
823,1561,2014-11-06,organic
824,1561,2014-12-05,organic
825,1561,2015-01-04,organic
826,1561,2015-02-02,facebook
827,1561,2015-03-03,pinterest
828,1561,2015-04-01,direct
829,1561,2015-04-30,pinterest
830,1561,2015-05-30,pinterest
831,1561,2015-06-28,organic
832,1561,2015-07-27,twitter
833,1561,2015-08-25,facebook
834,1561,2015-09-24,pinterest
835,1561,2015-10-23,facebook
836,1561,2015-11-21,facebook
837,1561,2015-12-21,adwords
838,1561,2016-01-19,pinterest
839,1561,2016-02-17,adwords
840,1561,2016-03-18,organic
841,1561,2016-04-17,organic
842,1561,2016-05-17,organic
843,1561,2016-06-16,facebook
844,1561,2016-07-15,organic
845,1561,2016-08-14,twitter
846,1561,2016-09-12,adwords
847,1561,2016-10-12,direct
848,1561,2016-11-11,pinterest
849,1561,2016-12-11,pinterest
850,1571,2014-01-01,adwords
851,1571,2014-01-31,facebook
852,1571,2014-03-02,adwords
853,1571,2014-03-31,pinterest
854,1571,2014-04-29,adwords
855,1571,2014-05-29,direct
856,1571,2014-06-28,adwords
857,1571,2014-07-27,pinterest
858,1571,2014-08-26,adwords
859,1571,2014-09-24,adwords
860,1571,2014-10-24,pinterest
861,1571,2014-11-22,organic
862,1571,2014-12-22,organic
863,1571,2015-01-20,twitter
864,1571,2015-02-18,pinterest
865,1571,2015-03-20,facebook
866,1571,2015-04-19,direct
867,1571,2015-05-19,organic
868,1571,2015-06-18,organic
869,1571,2015-07-18,adwords
870,1571,2015-08-17,organic
871,1571,2015-09-15,pinterest
872,1571,2015-10-14,facebook
873,1571,2015-11-13,pinterest
874,1571,2015-12-13,facebook
875,1571,2016-01-12,adwords
876,1571,2016-02-11,organic
877,1571,2016-03-12,facebook
878,1571,2016-04-10,adwords
879,1571,2016-05-10,adwords
880,1571,2016-06-09,direct
881,1571,2016-07-08,facebook
882,1571,2016-08-06,facebook
883,1571,2016-09-04,facebook
884,1571,2016-10-03,direct
885,1571,2016-11-01,direct
886,1571,2016-12-01,adwords
887,1571,2016-12-31,adwords
888,1581,2016-04-07,organic
889,1581,2016-05-07,facebook
890,1581,2016-06-06,adwords
891,1581,2016-07-05,twitter
892,1581,2016-08-03,pinterest
893,1581,2016-09-02,pinterest
894,1581,2016-10-02,organic
895,1581,2016-11-01,direct
896,1581,2016-12-01,adwords
897,1581,2016-12-31,pinterest
898,1591,2016-12-22,organic
899,1601,2013-12-14,organic
900,1601,2014-01-12,pinterest
901,1601,2014-02-11,twitter
902,1601,2014-03-13,adwords
903,1601,2014-04-11,organic
904,1601,2014-05-10,direct
905,1601,2014-06-09,twitter
906,1601,2014-07-08,twitter
907,1601,2014-08-07,adwords
908,1601,2014-09-05,direct
909,1601,2014-10-04,organic
910,1601,2014-11-02,pinterest
911,1601,2014-12-02,direct
912,1601,2015-01-01,adwords
913,1601,2015-01-31,direct
914,1601,2015-03-01,adwords
915,1601,2015-03-31,organic
916,1601,2015-04-30,direct
917,1601,2015-05-29,pinterest
918,1601,2015-06-27,direct
919,1601,2015-07-27,pinterest
920,1601,2015-08-25,direct
921,1601,2015-09-23,facebook
922,1601,2015-10-22,twitter
923,1601,2015-11-20,adwords
924,1601,2015-12-19,twitter
925,1601,2016-01-17,twitter
926,1601,2016-02-16,adwords
927,1601,2016-03-16,adwords
928,1601,2016-04-14,pinterest
929,1601,2016-05-13,facebook
930,1601,2016-06-12,adwords
931,1601,2016-07-12,pinterest
932,1601,2016-08-11,adwords
933,1601,2016-09-09,adwords
934,1601,2016-10-09,twitter
935,1601,2016-11-07,pinterest
936,1601,2016-12-06,facebook
937,1611,2015-10-04,direct
938,1611,2015-11-03,direct
939,1611,2015-12-02,organic
940,1611,2015-12-31,direct
941,1611,2016-01-29,pinterest
942,1611,2016-02-28,pinterest
943,1611,2016-03-28,facebook
944,1611,2016-04-27,adwords
945,1611,2016-05-26,facebook
946,1611,2016-06-24,direct
947,1611,2016-07-23,twitter
948,1611,2016-08-21,organic
949,1611,2016-09-20,pinterest
950,1611,2016-10-20,facebook
951,1611,2016-11-19,twitter
952,1611,2016-12-18,direct
953,1621,2016-12-07,twitter
954,1631,2016-05-10,direct
955,1631,2016-06-09,direct
956,1631,2016-07-08,direct
957,1631,2016-08-07,adwords
958,1631,2016-09-06,direct
959,1631,2016-10-05,twitter
960,1631,2016-11-03,organic
961,1631,2016-12-02,organic
962,1631,2016-12-31,adwords
963,1641,2016-09-10,direct
964,1641,2016-10-09,twitter
965,1641,2016-11-07,facebook
966,1641,2016-12-06,facebook
967,1651,2014-07-12,organic
968,1651,2014-08-11,organic
969,1651,2014-09-09,organic
970,1651,2014-10-08,twitter
971,1651,2014-11-07,twitter
972,1651,2014-12-06,facebook
973,1651,2015-01-04,pinterest
974,1651,2015-02-03,twitter
975,1651,2015-03-04,adwords
976,1651,2015-04-02,facebook
977,1651,2015-05-02,pinterest
978,1651,2015-05-31,direct
979,1651,2015-06-29,twitter
980,1651,2015-07-28,twitter
981,1651,2015-08-27,twitter
982,1651,2015-09-25,organic
983,1651,2015-10-25,adwords
984,1651,2015-11-23,direct
985,1651,2015-12-22,twitter
986,1651,2016-01-20,adwords
987,1651,2016-02-18,twitter
988,1651,2016-03-19,twitter
989,1651,2016-04-18,pinterest
990,1651,2016-05-18,direct
991,1651,2016-06-16,twitter
992,1651,2016-07-16,twitter
993,1651,2016-08-15,adwords
994,1651,2016-09-14,pinterest
995,1651,2016-10-13,pinterest
996,1651,2016-11-12,organic
997,1651,2016-12-12,facebook
998,1661,2016-05-26,pinterest
999,1661,2016-06-24,adwords
1000,1661,2016-07-23,adwords
1001,1661,2016-08-22,twitter
1002,1661,2016-09-21,twitter
1003,1661,2016-10-21,organic
1004,1661,2016-11-19,organic
1005,1661,2016-12-18,facebook
1006,1671,2016-06-29,organic
1007,1671,2016-07-29,adwords
1008,1681,2016-03-18,pinterest
1009,1681,2016-04-17,organic
1010,1681,2016-05-16,organic
1011,1681,2016-06-15,facebook
1012,1681,2016-07-15,organic
1013,1681,2016-08-13,facebook
1014,1681,2016-09-11,facebook
1015,1681,2016-10-11,pinterest
1016,1681,2016-11-09,adwords
1017,1681,2016-12-08,organic
1018,1691,2016-01-13,organic
1019,1691,2016-02-11,direct
1020,1691,2016-03-11,pinterest
1021,1691,2016-04-10,pinterest
1022,1691,2016-05-10,direct
1023,1691,2016-06-09,twitter
1024,1691,2016-07-08,adwords
1025,1691,2016-08-06,adwords
1026,1691,2016-09-05,organic
1027,1691,2016-10-04,facebook
1028,1691,2016-11-03,organic
1029,1691,2016-12-02,organic
1030,1691,2016-12-31,pinterest
1031,1701,2013-12-12,pinterest
1032,1701,2014-01-11,facebook
1033,1701,2014-02-10,adwords
1034,1701,2014-03-12,facebook
1035,1701,2014-04-10,organic
1036,1701,2014-05-09,adwords
1037,1701,2014-06-08,facebook
1038,1701,2014-07-07,direct
1039,1701,2014-08-05,facebook
1040,1701,2014-09-04,twitter
1041,1701,2014-10-04,adwords
1042,1701,2014-11-03,adwords
1043,1701,2014-12-02,facebook
1044,1701,2014-12-31,adwords
1045,1701,2015-01-29,organic
1046,1701,2015-02-28,twitter
1047,1701,2015-03-30,organic
1048,1701,2015-04-28,adwords
1049,1701,2015-05-27,adwords
1050,1701,2015-06-26,pinterest
1051,1701,2015-07-26,organic
1052,1701,2015-08-25,twitter
1053,1701,2015-09-24,pinterest
1054,1701,2015-10-23,organic
1055,1701,2015-11-22,direct
1056,1701,2015-12-22,facebook
1057,1701,2016-01-21,adwords
1058,1701,2016-02-19,pinterest
1059,1701,2016-03-19,adwords
1060,1701,2016-04-18,organic
1061,1701,2016-05-18,facebook
1062,1701,2016-06-16,direct
1063,1701,2016-07-15,organic
1064,1701,2016-08-14,facebook
1065,1701,2016-09-12,organic
1066,1701,2016-10-12,facebook
1067,1701,2016-11-10,pinterest
1068,1701,2016-12-09,adwords
1069,1711,2015-07-10,twitter
1070,1711,2015-08-08,organic
1071,1711,2015-09-06,pinterest
1072,1711,2015-10-05,pinterest
1073,1711,2015-11-04,twitter
1074,1711,2015-12-04,adwords
1075,1711,2016-01-02,direct
1076,1711,2016-02-01,organic
1077,1711,2016-03-01,facebook
1078,1711,2016-03-31,direct
1079,1711,2016-04-29,organic
1080,1711,2016-05-28,facebook
1081,1711,2016-06-26,pinterest
1082,1711,2016-07-26,twitter
1083,1711,2016-08-24,organic
1084,1711,2016-09-22,facebook
1085,1711,2016-10-21,facebook
1086,1711,2016-11-19,adwords
1087,1711,2016-12-18,direct
1088,1721,2016-06-21,organic
1089,1721,2016-07-20,direct
1090,1731,2016-06-22,direct
1091,1741,2015-05-22,facebook
1092,1741,2015-06-20,adwords
1093,1741,2015-07-19,adwords
1094,1741,2015-08-17,organic
1095,1741,2015-09-15,organic
1096,1741,2015-10-15,direct
1097,1741,2015-11-14,twitter
1098,1741,2015-12-13,facebook
1099,1741,2016-01-12,pinterest
1100,1741,2016-02-10,organic
1101,1741,2016-03-10,pinterest
1102,1741,2016-04-08,twitter
1103,1741,2016-05-07,direct
1104,1741,2016-06-06,facebook
1105,1741,2016-07-06,twitter
1106,1741,2016-08-04,pinterest
1107,1741,2016-09-02,twitter
1108,1741,2016-10-01,pinterest
1109,1741,2016-10-31,direct
1110,1741,2016-11-30,organic
1111,1741,2016-12-30,adwords
1112,1751,2013-12-12,twitter
1113,1751,2014-01-10,adwords
1114,1751,2014-02-09,direct
1115,1751,2014-03-10,twitter
1116,1751,2014-04-09,organic
1117,1751,2014-05-09,facebook
1118,1761,2016-10-05,pinterest
1119,1761,2016-11-03,twitter
1120,1761,2016-12-03,direct
1121,1761,2017-01-01,pinterest
1122,1771,2016-08-18,direct
1123,1771,2016-09-17,facebook
1124,1771,2016-10-17,twitter
1125,1771,2016-11-16,pinterest
1126,1771,2016-12-15,twitter
1127,1781,2014-07-15,pinterest
1128,1781,2014-08-13,pinterest
1129,1781,2014-09-12,pinterest
1130,1781,2014-10-12,twitter
1131,1781,2014-11-11,adwords
1132,1781,2014-12-10,twitter
1133,1781,2015-01-09,direct
1134,1781,2015-02-08,direct
1135,1781,2015-03-09,organic
1136,1781,2015-04-08,twitter
1137,1781,2015-05-08,organic
1138,1781,2015-06-07,adwords
1139,1781,2015-07-07,organic
1140,1781,2015-08-06,organic
1141,1781,2015-09-05,organic
1142,1781,2015-10-05,adwords
1143,1781,2015-11-03,organic
1144,1781,2015-12-02,adwords
1145,1781,2015-12-31,pinterest
1146,1781,2016-01-30,adwords
1147,1781,2016-02-29,twitter
1148,1781,2016-03-30,organic
1149,1781,2016-04-29,twitter
1150,1781,2016-05-29,twitter
1151,1781,2016-06-28,twitter
1152,1781,2016-07-28,twitter
1153,1781,2016-08-26,facebook
1154,1781,2016-09-24,pinterest
1155,1781,2016-10-24,facebook
1156,1781,2016-11-22,direct
1157,1781,2016-12-22,facebook
1158,1791,2013-12-09,pinterest
1159,1791,2014-01-07,direct
1160,1791,2014-02-06,twitter
1161,1791,2014-03-07,pinterest
1162,1791,2014-04-06,pinterest
1163,1791,2014-05-06,adwords
1164,1791,2014-06-04,twitter
1165,1791,2014-07-04,facebook
1166,1791,2014-08-03,direct
1167,1791,2014-09-01,organic
1168,1791,2014-09-30,pinterest
1169,1791,2014-10-29,facebook
1170,1791,2014-11-27,organic
1171,1791,2014-12-27,twitter
1172,1791,2015-01-26,twitter
1173,1791,2015-02-25,facebook
1174,1791,2015-03-27,direct
1175,1791,2015-04-26,organic
1176,1791,2015-05-25,twitter
1177,1791,2015-06-24,facebook
1178,1791,2015-07-23,facebook
1179,1791,2015-08-22,adwords
1180,1791,2015-09-20,facebook
1181,1791,2015-10-19,facebook
1182,1791,2015-11-18,twitter
1183,1791,2015-12-18,twitter
1184,1791,2016-01-16,adwords
1185,1791,2016-02-14,adwords
1186,1791,2016-03-15,twitter
1187,1791,2016-04-14,direct
1188,1791,2016-05-13,organic
1189,1791,2016-06-11,pinterest
1190,1791,2016-07-11,direct
1191,1791,2016-08-10,organic
1192,1791,2016-09-09,twitter
1193,1791,2016-10-08,pinterest
1194,1791,2016-11-07,pinterest
1195,1791,2016-12-06,twitter
1196,1801,2015-11-03,direct
1197,1801,2015-12-02,pinterest
1198,1801,2016-01-01,direct
1199,1801,2016-01-31,pinterest
1200,1801,2016-03-01,direct
1201,1801,2016-03-30,facebook
1202,1801,2016-04-28,organic
1203,1801,2016-05-27,direct
1204,1801,2016-06-25,adwords
1205,1801,2016-07-24,direct
1206,1801,2016-08-22,adwords
1207,1801,2016-09-20,facebook
1208,1801,2016-10-19,facebook
1209,1801,2016-11-18,organic
1210,1801,2016-12-17,direct
1211,1811,2016-11-26,pinterest
1212,1811,2016-12-26,adwords
1213,1821,2016-12-22,pinterest
1214,1831,2015-12-01,direct
1215,1831,2015-12-30,organic
1216,1831,2016-01-29,pinterest
1217,1831,2016-02-27,direct
1218,1831,2016-03-27,organic
1219,1831,2016-04-26,adwords
1220,1831,2016-05-26,organic
1221,1831,2016-06-24,direct
1222,1831,2016-07-24,adwords
1223,1831,2016-08-23,direct
1224,1831,2016-09-21,adwords
1225,1831,2016-10-20,organic
1226,1831,2016-11-18,twitter
1227,1831,2016-12-18,twitter
1228,1841,2015-12-06,twitter
1229,1841,2016-01-05,direct
1230,1841,2016-02-03,pinterest
1231,1841,2016-03-03,organic
1232,1841,2016-04-01,facebook
1233,1841,2016-04-30,twitter
1234,1841,2016-05-30,facebook
1235,1841,2016-06-29,facebook
1236,1841,2016-07-28,pinterest
1237,1841,2016-08-26,adwords
1238,1841,2016-09-24,pinterest
1239,1841,2016-10-23,organic
1240,1841,2016-11-21,facebook
1241,1841,2016-12-20,facebook
1242,1851,2014-06-16,twitter
1243,1851,2014-07-16,pinterest
1244,1851,2014-08-15,pinterest
1245,1851,2014-09-13,adwords
1246,1851,2014-10-13,pinterest
1247,1851,2014-11-12,facebook
1248,1851,2014-12-11,adwords
1249,1851,2015-01-09,twitter
1250,1851,2015-02-08,adwords
1251,1851,2015-03-10,twitter
1252,1851,2015-04-09,adwords
1253,1851,2015-05-09,twitter
1254,1851,2015-06-08,twitter
1255,1851,2015-07-07,organic
1256,1851,2015-08-05,facebook
1257,1851,2015-09-03,facebook
1258,1851,2015-10-03,organic
1259,1851,2015-11-02,direct
1260,1861,2016-12-26,facebook
1261,1871,2013-12-22,organic
1262,1871,2014-01-21,pinterest
1263,1871,2014-02-20,twitter
1264,1871,2014-03-21,facebook
1265,1871,2014-04-19,pinterest
1266,1871,2014-05-19,direct
1267,1871,2014-06-17,facebook
1268,1871,2014-07-17,facebook
1269,1871,2014-08-15,adwords
1270,1871,2014-09-14,pinterest
1271,1871,2014-10-14,direct
1272,1871,2014-11-13,twitter
1273,1871,2014-12-12,direct
1274,1871,2015-01-10,twitter
1275,1871,2015-02-09,twitter
1276,1871,2015-03-11,twitter
1277,1871,2015-04-10,twitter
1278,1871,2015-05-09,direct
1279,1871,2015-06-07,direct
1280,1871,2015-07-07,facebook
1281,1871,2015-08-05,twitter
1282,1871,2015-09-03,facebook
1283,1871,2015-10-02,organic
1284,1871,2015-10-31,direct
1285,1871,2015-11-29,adwords
1286,1871,2015-12-29,direct
1287,1871,2016-01-27,pinterest
1288,1871,2016-02-25,adwords
1289,1871,2016-03-26,direct
1290,1871,2016-04-24,facebook
1291,1871,2016-05-24,pinterest
1292,1871,2016-06-22,facebook
1293,1871,2016-07-21,facebook
1294,1871,2016-08-20,facebook
1295,1871,2016-09-19,organic
1296,1871,2016-10-18,direct
1297,1871,2016-11-16,organic
1298,1871,2016-12-15,twitter
1299,1881,2013-12-08,organic
1300,1881,2014-01-06,direct
1301,1881,2014-02-04,facebook
1302,1881,2014-03-05,twitter
1303,1881,2014-04-03,pinterest
1304,1881,2014-05-02,pinterest
1305,1881,2014-06-01,facebook
1306,1881,2014-07-01,organic
1307,1881,2014-07-31,facebook
1308,1881,2014-08-30,direct
1309,1881,2014-09-29,adwords
1310,1881,2014-10-28,organic
1311,1881,2014-11-26,twitter
1312,1881,2014-12-26,facebook
1313,1881,2015-01-25,direct
1314,1881,2015-02-23,pinterest
1315,1881,2015-03-24,twitter
1316,1881,2015-04-23,direct
1317,1881,2015-05-22,pinterest
1318,1881,2015-06-21,organic
1319,1881,2015-07-20,twitter
1320,1881,2015-08-19,direct
1321,1881,2015-09-17,adwords
1322,1881,2015-10-16,organic
1323,1881,2015-11-15,direct
1324,1881,2015-12-15,adwords
1325,1881,2016-01-14,direct
1326,1881,2016-02-12,organic
1327,1881,2016-03-12,adwords
1328,1881,2016-04-11,pinterest
1329,1881,2016-05-10,adwords
1330,1881,2016-06-09,organic
1331,1881,2016-07-08,pinterest
1332,1891,2016-06-01,twitter
1333,1891,2016-06-30,twitter
1334,1891,2016-07-30,twitter
1335,1891,2016-08-28,facebook
1336,1891,2016-09-26,direct
1337,1901,2016-11-10,twitter
1338,1911,2016-10-06,direct
1339,1911,2016-11-05,facebook
1340,1911,2016-12-04,organic
1341,1921,2015-05-09,pinterest
1342,1921,2015-06-08,pinterest
1343,1921,2015-07-08,twitter
1344,1921,2015-08-07,adwords
1345,1921,2015-09-06,adwords
1346,1921,2015-10-06,direct
1347,1921,2015-11-05,pinterest
1348,1921,2015-12-04,organic
1349,1921,2016-01-03,twitter
1350,1921,2016-02-02,organic
1351,1921,2016-03-02,direct
1352,1921,2016-03-31,pinterest
1353,1921,2016-04-30,organic
1354,1921,2016-05-29,adwords
1355,1921,2016-06-27,adwords
1356,1921,2016-07-27,twitter
1357,1921,2016-08-25,twitter
1358,1921,2016-09-23,adwords
1359,1931,2016-07-30,organic
1360,1931,2016-08-28,pinterest
1361,1931,2016-09-26,direct
1362,1931,2016-10-25,twitter
1363,1931,2016-11-24,adwords
1364,1931,2016-12-24,organic
1365,1941,2015-08-27,pinterest
1366,1941,2015-09-26,facebook
1367,1941,2015-10-25,adwords
1368,1941,2015-11-23,twitter
1369,1941,2015-12-23,facebook
1370,1941,2016-01-22,pinterest
1371,1941,2016-02-20,adwords
1372,1941,2016-03-20,organic
1373,1941,2016-04-19,pinterest
1374,1941,2016-05-18,pinterest
1375,1941,2016-06-17,direct
1376,1941,2016-07-16,organic
1377,1941,2016-08-14,organic
1378,1941,2016-09-12,twitter
1379,1941,2016-10-12,pinterest
1380,1941,2016-11-11,facebook
1381,1941,2016-12-10,pinterest
1382,1951,2013-12-18,twitter
1383,1951,2014-01-17,direct
1384,1951,2014-02-16,adwords
1385,1951,2014-03-18,pinterest
1386,1951,2014-04-16,twitter
1387,1951,2014-05-16,organic
1388,1951,2014-06-14,adwords
1389,1951,2014-07-13,twitter
1390,1951,2014-08-11,twitter
1391,1951,2014-09-09,pinterest
1392,1951,2014-10-09,organic
1393,1951,2014-11-07,organic
1394,1951,2014-12-06,organic
1395,1951,2015-01-05,pinterest
1396,1951,2015-02-04,organic
1397,1951,2015-03-05,direct
1398,1951,2015-04-04,twitter
1399,1961,2017-01-01,adwords
1400,1971,2016-12-01,direct
1401,1971,2016-12-31,twitter
1402,1981,2015-12-11,facebook
1403,1981,2016-01-09,twitter
1404,1981,2016-02-07,facebook
1405,1981,2016-03-08,pinterest
1406,1981,2016-04-06,organic
1407,1981,2016-05-05,pinterest
1408,1981,2016-06-03,twitter
1409,1981,2016-07-02,twitter
1410,1981,2016-08-01,facebook
1411,1981,2016-08-30,direct
1412,1981,2016-09-28,organic
1413,1991,2016-10-09,facebook
1414,1991,2016-11-07,organic
1415,1991,2016-12-06,pinterest
1416,2001,2015-10-17,pinterest
1417,2001,2015-11-15,twitter
1418,2001,2015-12-14,adwords
1419,2001,2016-01-12,adwords
1420,2001,2016-02-10,facebook
1421,2001,2016-03-11,twitter
1422,2001,2016-04-09,adwords
1423,2001,2016-05-08,organic
1424,2011,2016-05-19,direct
1425,2011,2016-06-18,direct
1426,2011,2016-07-17,twitter
1427,2011,2016-08-16,pinterest
1428,2011,2016-09-15,facebook
1429,2011,2016-10-14,adwords
1430,2011,2016-11-13,adwords
1431,2011,2016-12-13,twitter
1432,2021,2016-10-07,direct
1433,2021,2016-11-06,pinterest
1434,2021,2016-12-05,direct
1435,2031,2016-09-28,adwords
1436,2031,2016-10-28,organic
1437,2031,2016-11-27,twitter
1438,2031,2016-12-27,twitter
1439,2041,2014-10-05,pinterest
1440,2041,2014-11-03,twitter
1441,2041,2014-12-02,twitter
1442,2041,2015-01-01,pinterest
1443,2041,2015-01-30,pinterest
1444,2041,2015-02-28,twitter
1445,2041,2015-03-30,direct
1446,2041,2015-04-29,facebook
1447,2041,2015-05-28,twitter
1448,2041,2015-06-27,facebook
1449,2041,2015-07-26,twitter
1450,2041,2015-08-24,direct
1451,2041,2015-09-22,facebook
1452,2041,2015-10-21,twitter
1453,2041,2015-11-20,facebook
1454,2041,2015-12-20,pinterest
1455,2041,2016-01-19,organic
1456,2041,2016-02-18,adwords
1457,2051,2013-12-29,adwords
1458,2051,2014-01-28,pinterest
1459,2051,2014-02-26,direct
1460,2051,2014-03-28,adwords
1461,2051,2014-04-26,organic
1462,2051,2014-05-26,facebook
1463,2051,2014-06-25,direct
1464,2051,2014-07-24,adwords
1465,2051,2014-08-23,adwords
1466,2051,2014-09-21,pinterest
1467,2051,2014-10-20,adwords
1468,2051,2014-11-19,twitter
1469,2051,2014-12-19,adwords
1470,2051,2015-01-18,facebook
1471,2051,2015-02-17,direct
1472,2051,2015-03-18,organic
1473,2051,2015-04-17,organic
1474,2051,2015-05-17,organic
1475,2051,2015-06-15,facebook
1476,2051,2015-07-15,organic
1477,2051,2015-08-13,twitter
1478,2051,2015-09-11,direct
1479,2051,2015-10-11,twitter
1480,2051,2015-11-10,pinterest
1481,2051,2015-12-09,adwords
1482,2051,2016-01-08,pinterest
1483,2051,2016-02-06,direct
1484,2051,2016-03-07,pinterest
1485,2051,2016-04-05,pinterest
1486,2051,2016-05-05,pinterest
1487,2051,2016-06-04,pinterest
1488,2051,2016-07-03,facebook
1489,2051,2016-08-02,facebook
1490,2051,2016-08-31,twitter
1491,2051,2016-09-29,pinterest
1492,2051,2016-10-29,facebook
1493,2051,2016-11-28,direct
1494,2051,2016-12-28,facebook
1495,2061,2016-12-01,pinterest
1496,2061,2016-12-31,adwords
1497,2071,2016-07-02,direct
1498,2071,2016-08-01,direct
1499,2071,2016-08-31,organic
1500,2071,2016-09-30,pinterest
1501,2071,2016-10-29,pinterest
1502,2071,2016-11-28,adwords
1503,2071,2016-12-28,pinterest
1504,2081,2013-12-11,direct
1505,2081,2014-01-09,adwords
1506,2081,2014-02-07,pinterest
1507,2081,2014-03-08,facebook
1508,2081,2014-04-07,adwords
1509,2081,2014-05-07,adwords
1510,2081,2014-06-06,organic
1511,2091,2015-11-15,twitter
1512,2091,2015-12-15,twitter
1513,2091,2016-01-14,twitter
1514,2091,2016-02-13,direct
1515,2091,2016-03-13,pinterest
1516,2091,2016-04-12,organic
1517,2091,2016-05-11,facebook
1518,2091,2016-06-10,pinterest
1519,2091,2016-07-09,direct
1520,2091,2016-08-08,twitter
1521,2091,2016-09-06,adwords
1522,2091,2016-10-05,pinterest
1523,2091,2016-11-03,direct
1524,2091,2016-12-02,twitter
1525,2091,2016-12-31,twitter
1526,2101,2015-09-16,twitter
1527,2101,2015-10-15,direct
1528,2101,2015-11-13,facebook
1529,2101,2015-12-12,facebook
1530,2101,2016-01-10,direct
1531,2101,2016-02-09,twitter
1532,2101,2016-03-10,organic
1533,2101,2016-04-08,adwords
1534,2101,2016-05-07,facebook
1535,2101,2016-06-05,adwords
1536,2101,2016-07-05,facebook
1537,2101,2016-08-04,organic
1538,2101,2016-09-03,adwords
1539,2101,2016-10-02,twitter
1540,2101,2016-11-01,direct
1541,2101,2016-11-30,direct
1542,2101,2016-12-30,facebook
1543,2111,2013-12-27,adwords
1544,2111,2014-01-26,facebook
1545,2111,2014-02-24,adwords
1546,2111,2014-03-26,adwords
1547,2111,2014-04-25,organic
1548,2111,2014-05-25,adwords
1549,2111,2014-06-23,adwords
1550,2111,2014-07-23,twitter
1551,2111,2014-08-21,adwords
1552,2111,2014-09-19,twitter
1553,2111,2014-10-18,facebook
1554,2111,2014-11-16,organic
1555,2121,2016-07-22,adwords
1556,2121,2016-08-20,twitter
1557,2121,2016-09-19,facebook
1558,2121,2016-10-19,twitter
1559,2121,2016-11-17,direct
1560,2121,2016-12-17,facebook
1561,2131,2016-08-22,direct
1562,2131,2016-09-21,twitter
1563,2131,2016-10-20,adwords
1564,2131,2016-11-18,adwords
1565,2131,2016-12-17,pinterest
1566,2141,2015-07-31,organic
1567,2141,2015-08-30,organic
1568,2141,2015-09-29,pinterest
1569,2141,2015-10-28,twitter
1570,2141,2015-11-27,twitter
1571,2141,2015-12-26,twitter
1572,2141,2016-01-24,organic
1573,2141,2016-02-22,pinterest
1574,2141,2016-03-23,facebook
1575,2141,2016-04-21,direct
1576,2141,2016-05-20,organic
1577,2141,2016-06-19,twitter
1578,2141,2016-07-18,adwords
1579,2141,2016-08-16,adwords
1580,2141,2016-09-15,adwords
1581,2141,2016-10-14,adwords
1582,2141,2016-11-13,organic
1583,2141,2016-12-13,organic
1584,2151,2016-05-21,facebook
1585,2151,2016-06-19,direct
1586,2151,2016-07-19,pinterest
1587,2151,2016-08-18,facebook
1588,2151,2016-09-16,twitter
1589,2151,2016-10-16,adwords
1590,2151,2016-11-15,pinterest
1591,2151,2016-12-14,pinterest
1592,2161,2016-10-29,twitter
1593,2161,2016-11-27,facebook
1594,2161,2016-12-26,facebook
1595,2171,2016-06-18,adwords
1596,2171,2016-07-18,pinterest
1597,2171,2016-08-17,pinterest
1598,2171,2016-09-15,adwords
1599,2171,2016-10-14,direct
1600,2171,2016-11-12,adwords
1601,2181,2013-12-24,adwords
1602,2181,2014-01-22,twitter
1603,2181,2014-02-21,organic
1604,2181,2014-03-22,twitter
1605,2181,2014-04-21,direct
1606,2181,2014-05-20,adwords
1607,2181,2014-06-19,organic
1608,2181,2014-07-18,facebook
1609,2181,2014-08-17,pinterest
1610,2181,2014-09-16,twitter
1611,2181,2014-10-16,direct
1612,2181,2014-11-15,facebook
1613,2181,2014-12-15,organic
1614,2181,2015-01-14,direct
1615,2181,2015-02-12,twitter
1616,2181,2015-03-13,facebook
1617,2181,2015-04-11,facebook
1618,2181,2015-05-11,organic
1619,2181,2015-06-10,twitter
1620,2181,2015-07-10,direct
1621,2181,2015-08-09,pinterest
1622,2181,2015-09-08,pinterest
1623,2181,2015-10-07,pinterest
1624,2181,2015-11-05,organic
1625,2181,2015-12-05,direct
1626,2181,2016-01-04,twitter
1627,2181,2016-02-02,pinterest
1628,2181,2016-03-02,twitter
1629,2181,2016-04-01,adwords
1630,2181,2016-05-01,direct
1631,2181,2016-05-30,adwords
1632,2181,2016-06-29,facebook
1633,2181,2016-07-29,facebook
1634,2181,2016-08-28,pinterest
1635,2181,2016-09-27,pinterest
1636,2181,2016-10-27,twitter
1637,2181,2016-11-25,adwords
1638,2181,2016-12-25,twitter
1639,2191,2016-01-19,direct
1640,2191,2016-02-18,pinterest
1641,2191,2016-03-18,adwords
1642,2191,2016-04-16,twitter
1643,2191,2016-05-15,organic
1644,2191,2016-06-14,adwords
1645,2191,2016-07-14,organic
1646,2191,2016-08-12,adwords
1647,2191,2016-09-11,organic
1648,2191,2016-10-10,pinterest
1649,2191,2016-11-09,pinterest
1650,2191,2016-12-09,facebook
1651,2201,2016-09-29,facebook
1652,2201,2016-10-28,adwords
1653,2201,2016-11-27,pinterest
1654,2201,2016-12-27,facebook
1655,2211,2016-07-15,facebook
1656,2211,2016-08-14,twitter
1657,2211,2016-09-13,adwords
1658,2211,2016-10-12,adwords
1659,2211,2016-11-10,facebook
1660,2211,2016-12-10,organic
1661,2221,2016-11-14,organic
1662,2221,2016-12-13,adwords
1663,2231,2013-12-30,twitter
1664,2231,2014-01-29,twitter
1665,2231,2014-02-27,adwords
1666,2231,2014-03-29,facebook
1667,2231,2014-04-28,direct
1668,2231,2014-05-28,pinterest
1669,2231,2014-06-26,organic
1670,2231,2014-07-26,twitter
1671,2231,2014-08-25,twitter
1672,2231,2014-09-24,twitter
1673,2231,2014-10-23,organic
1674,2231,2014-11-22,facebook
1675,2231,2014-12-21,direct
1676,2231,2015-01-20,pinterest
1677,2231,2015-02-19,adwords
1678,2231,2015-03-21,organic
1679,2231,2015-04-19,adwords
1680,2231,2015-05-18,direct
1681,2231,2015-06-16,pinterest
1682,2231,2015-07-15,facebook
1683,2231,2015-08-14,pinterest
1684,2231,2015-09-13,direct
1685,2231,2015-10-13,direct
1686,2231,2015-11-11,organic
1687,2231,2015-12-11,facebook
1688,2231,2016-01-10,facebook
1689,2231,2016-02-09,pinterest
1690,2231,2016-03-10,organic
1691,2231,2016-04-09,adwords
1692,2231,2016-05-08,adwords
1693,2231,2016-06-06,pinterest
1694,2231,2016-07-05,adwords
1695,2231,2016-08-04,adwords
1696,2231,2016-09-02,direct
1697,2231,2016-10-02,facebook
1698,2231,2016-10-31,twitter
1699,2231,2016-11-29,facebook
1700,2231,2016-12-29,direct
1701,2241,2016-02-06,organic
1702,2241,2016-03-06,direct
1703,2241,2016-04-05,twitter
1704,2241,2016-05-04,adwords
1705,2241,2016-06-03,direct
1706,2241,2016-07-03,facebook
1707,2251,2016-05-30,organic
1708,2251,2016-06-29,facebook
1709,2251,2016-07-28,direct
1710,2251,2016-08-27,twitter
1711,2251,2016-09-26,direct
1712,2251,2016-10-26,pinterest
1713,2251,2016-11-25,twitter
1714,2251,2016-12-25,pinterest
1715,2261,2016-06-03,direct
1716,2261,2016-07-03,twitter
1717,2261,2016-08-02,organic
1718,2261,2016-08-31,pinterest
1719,2261,2016-09-30,facebook
1720,2261,2016-10-29,facebook
1721,2261,2016-11-28,pinterest
1722,2261,2016-12-27,adwords
1723,2271,2015-03-14,direct
1724,2271,2015-04-12,pinterest
1725,2271,2015-05-11,facebook
1726,2271,2015-06-09,direct
1727,2271,2015-07-08,adwords
1728,2271,2015-08-06,organic
1729,2271,2015-09-05,adwords
1730,2271,2015-10-05,organic
1731,2271,2015-11-03,pinterest
1732,2271,2015-12-03,pinterest
1733,2271,2016-01-02,pinterest
1734,2271,2016-02-01,facebook
1735,2271,2016-03-01,direct
1736,2271,2016-03-30,direct
1737,2271,2016-04-29,organic
1738,2271,2016-05-28,organic
1739,2271,2016-06-27,direct
1740,2271,2016-07-27,pinterest
1741,2271,2016-08-25,pinterest
1742,2271,2016-09-24,direct
1743,2271,2016-10-23,facebook
1744,2271,2016-11-21,organic
1745,2271,2016-12-21,organic
1746,2281,2016-05-22,direct
1747,2281,2016-06-21,direct
1748,2281,2016-07-21,pinterest
1749,2281,2016-08-20,twitter
1750,2281,2016-09-19,pinterest
1751,2281,2016-10-18,facebook
1752,2281,2016-11-17,pinterest
1753,2281,2016-12-17,adwords
1754,2291,2016-02-02,twitter
1755,2291,2016-03-03,adwords
1756,2291,2016-04-02,facebook
1757,2291,2016-05-02,organic
1758,2291,2016-05-31,pinterest
1759,2291,2016-06-30,direct
1760,2291,2016-07-29,organic
1761,2291,2016-08-27,twitter
1762,2291,2016-09-26,facebook
1763,2291,2016-10-25,direct
1764,2291,2016-11-23,pinterest
1765,2291,2016-12-22,facebook
1766,2301,2015-04-20,direct
1767,2301,2015-05-20,organic
1768,2301,2015-06-19,twitter
1769,2301,2015-07-18,organic
1770,2311,2016-08-10,organic
1771,2311,2016-09-09,pinterest
1772,2311,2016-10-08,twitter
1773,2311,2016-11-07,twitter
1774,2311,2016-12-07,pinterest
1775,2321,2016-12-21,organic
1776,2331,2013-12-11,pinterest
1777,2331,2014-01-09,direct
1778,2331,2014-02-08,twitter
1779,2331,2014-03-10,facebook
1780,2331,2014-04-09,pinterest
1781,2331,2014-05-08,twitter
1782,2331,2014-06-06,direct
1783,2331,2014-07-06,pinterest
1784,2331,2014-08-04,pinterest
1785,2331,2014-09-02,pinterest
1786,2341,2014-12-17,organic
1787,2341,2015-01-16,direct
1788,2341,2015-02-14,facebook
1789,2341,2015-03-15,twitter
1790,2341,2015-04-13,adwords
1791,2341,2015-05-12,facebook
1792,2341,2015-06-10,organic
1793,2341,2015-07-09,direct
1794,2341,2015-08-07,adwords
1795,2341,2015-09-06,direct
1796,2341,2015-10-06,pinterest
1797,2341,2015-11-05,adwords
1798,2341,2015-12-05,facebook
1799,2341,2016-01-04,pinterest
1800,2341,2016-02-02,pinterest
1801,2341,2016-03-02,adwords
1802,2341,2016-04-01,adwords
1803,2341,2016-05-01,direct
1804,2341,2016-05-31,pinterest
1805,2341,2016-06-30,twitter
1806,2341,2016-07-30,facebook
1807,2341,2016-08-28,organic
1808,2341,2016-09-26,pinterest
1809,2341,2016-10-25,twitter
1810,2341,2016-11-24,twitter
1811,2341,2016-12-23,direct
1812,2351,2013-12-16,facebook
1813,2351,2014-01-15,twitter
1814,2351,2014-02-13,pinterest
1815,2351,2014-03-15,adwords
1816,2351,2014-04-13,organic
1817,2351,2014-05-12,pinterest
1818,2351,2014-06-11,facebook
1819,2351,2014-07-10,adwords
1820,2351,2014-08-08,adwords
1821,2351,2014-09-06,pinterest
1822,2351,2014-10-05,adwords
1823,2351,2014-11-04,organic
1824,2351,2014-12-04,adwords
1825,2351,2015-01-03,pinterest
1826,2351,2015-02-01,twitter
1827,2351,2015-03-02,organic
1828,2351,2015-04-01,twitter
1829,2351,2015-05-01,pinterest
1830,2351,2015-05-31,direct
1831,2351,2015-06-30,twitter
1832,2351,2015-07-29,twitter
1833,2351,2015-08-27,organic
1834,2351,2015-09-26,twitter
1835,2351,2015-10-26,organic
1836,2351,2015-11-25,organic
1837,2351,2015-12-25,twitter
1838,2351,2016-01-24,pinterest
1839,2351,2016-02-22,direct
1840,2351,2016-03-23,pinterest
1841,2351,2016-04-21,pinterest
1842,2351,2016-05-21,facebook
1843,2351,2016-06-20,direct
1844,2351,2016-07-20,adwords
1845,2351,2016-08-18,adwords
1846,2351,2016-09-16,organic
1847,2351,2016-10-16,pinterest
1848,2351,2016-11-15,adwords
1849,2351,2016-12-14,pinterest
1850,2361,2015-05-19,direct
1851,2361,2015-06-17,facebook
1852,2361,2015-07-16,twitter
1853,2361,2015-08-14,twitter
1854,2361,2015-09-12,direct
1855,2361,2015-10-11,adwords
1856,2361,2015-11-09,pinterest
1857,2361,2015-12-09,adwords
1858,2361,2016-01-07,organic
1859,2361,2016-02-06,organic
1860,2361,2016-03-06,twitter
1861,2361,2016-04-05,facebook
1862,2361,2016-05-05,direct
1863,2361,2016-06-04,adwords
1864,2361,2016-07-04,adwords
1865,2361,2016-08-02,pinterest
1866,2361,2016-09-01,adwords
1867,2361,2016-10-01,organic
1868,2361,2016-10-30,pinterest
1869,2361,2016-11-29,direct
1870,2361,2016-12-29,organic
1871,2371,2013-12-27,direct
1872,2371,2014-01-25,twitter
1873,2371,2014-02-24,adwords
1874,2371,2014-03-26,facebook
1875,2371,2014-04-25,twitter
1876,2371,2014-05-25,twitter
1877,2371,2014-06-24,direct
1878,2371,2014-07-23,pinterest
1879,2371,2014-08-21,organic
1880,2371,2014-09-20,twitter
1881,2371,2014-10-20,pinterest
1882,2371,2014-11-19,pinterest
1883,2371,2014-12-19,pinterest
1884,2371,2015-01-18,facebook
1885,2371,2015-02-17,direct
1886,2371,2015-03-18,direct
1887,2371,2015-04-17,adwords
1888,2371,2015-05-16,adwords
1889,2371,2015-06-14,organic
1890,2371,2015-07-14,direct
1891,2381,2013-12-14,twitter
1892,2381,2014-01-12,facebook
1893,2381,2014-02-10,pinterest
1894,2381,2014-03-12,direct
1895,2381,2014-04-11,direct
1896,2381,2014-05-11,facebook
1897,2381,2014-06-09,pinterest
1898,2381,2014-07-09,adwords
1899,2381,2014-08-08,direct
1900,2381,2014-09-07,twitter
1901,2381,2014-10-06,adwords
1902,2381,2014-11-05,direct
1903,2381,2014-12-04,adwords
1904,2381,2015-01-02,facebook
1905,2391,2016-08-10,facebook
1906,2391,2016-09-09,organic
1907,2391,2016-10-08,organic
1908,2391,2016-11-07,organic
1909,2391,2016-12-06,organic
1910,2401,2016-07-31,facebook
1911,2411,2013-12-16,direct
1912,2411,2014-01-14,organic
1913,2411,2014-02-12,twitter
1914,2411,2014-03-13,twitter
1915,2411,2014-04-12,pinterest
1916,2411,2014-05-12,pinterest
1917,2411,2014-06-10,facebook
1918,2411,2014-07-10,adwords
1919,2411,2014-08-09,organic
1920,2411,2014-09-08,organic
1921,2411,2014-10-07,pinterest
1922,2411,2014-11-05,organic
1923,2411,2014-12-05,adwords
1924,2411,2015-01-03,twitter
1925,2411,2015-02-02,facebook
1926,2411,2015-03-03,facebook
1927,2411,2015-04-01,facebook
1928,2411,2015-04-30,organic
1929,2411,2015-05-29,organic
1930,2411,2015-06-28,adwords
1931,2411,2015-07-27,direct
1932,2411,2015-08-25,adwords
1933,2411,2015-09-24,direct
1934,2411,2015-10-23,direct
1935,2411,2015-11-21,facebook
1936,2411,2015-12-21,direct
1937,2411,2016-01-19,facebook
1938,2411,2016-02-17,adwords
1939,2411,2016-03-17,pinterest
1940,2411,2016-04-15,direct
1941,2411,2016-05-14,direct
1942,2411,2016-06-12,direct
1943,2411,2016-07-12,organic
1944,2411,2016-08-11,pinterest
1945,2411,2016-09-10,twitter
1946,2411,2016-10-10,direct
1947,2411,2016-11-08,twitter
1948,2411,2016-12-08,facebook
1949,2421,2016-10-17,direct
1950,2421,2016-11-16,adwords
1951,2421,2016-12-15,adwords
1952,2431,2016-11-21,direct
1953,2431,2016-12-21,pinterest
1954,2441,2016-08-23,facebook
1955,2441,2016-09-21,facebook
1956,2441,2016-10-21,twitter
1957,2441,2016-11-20,pinterest
1958,2441,2016-12-19,adwords
1959,2451,2016-12-18,direct
1960,2461,2013-12-29,twitter
1961,2461,2014-01-28,pinterest
1962,2461,2014-02-26,organic
1963,2461,2014-03-28,facebook
1964,2461,2014-04-27,facebook
1965,2461,2014-05-27,facebook
1966,2461,2014-06-26,twitter
1967,2461,2014-07-25,organic
1968,2461,2014-08-23,twitter
1969,2461,2014-09-21,adwords
1970,2461,2014-10-20,organic
1971,2461,2014-11-19,organic
1972,2461,2014-12-18,direct
1973,2461,2015-01-17,pinterest
1974,2461,2015-02-15,adwords
1975,2461,2015-03-16,adwords
1976,2461,2015-04-15,facebook
1977,2461,2015-05-14,facebook
1978,2461,2015-06-12,organic
1979,2461,2015-07-11,direct
1980,2461,2015-08-10,organic
1981,2461,2015-09-09,adwords
1982,2461,2015-10-09,direct
1983,2461,2015-11-07,adwords
1984,2461,2015-12-06,twitter
1985,2461,2016-01-05,facebook
1986,2461,2016-02-03,pinterest
1987,2461,2016-03-04,organic
1988,2461,2016-04-03,facebook
1989,2461,2016-05-03,facebook
1990,2461,2016-06-01,adwords
1991,2461,2016-07-01,twitter
1992,2471,2016-07-17,direct
1993,2471,2016-08-16,twitter
1994,2471,2016-09-14,twitter
1995,2471,2016-10-14,pinterest
1996,2471,2016-11-13,facebook
1997,2471,2016-12-12,adwords
1998,2481,2013-12-06,twitter
1999,2481,2014-01-05,facebook
2000,2481,2014-02-03,facebook
2001,2481,2014-03-04,twitter
2002,2481,2014-04-03,direct
2003,2481,2014-05-02,direct
2004,2481,2014-05-31,facebook
2005,2481,2014-06-29,direct
2006,2481,2014-07-28,adwords
2007,2481,2014-08-27,twitter
2008,2481,2014-09-25,twitter
2009,2481,2014-10-24,direct
2010,2481,2014-11-23,facebook
2011,2481,2014-12-22,organic
2012,2481,2015-01-20,organic
2013,2481,2015-02-18,organic
2014,2481,2015-03-19,twitter
2015,2481,2015-04-18,twitter
2016,2481,2015-05-18,facebook
2017,2481,2015-06-16,organic
2018,2481,2015-07-15,direct
2019,2481,2015-08-13,facebook
2020,2481,2015-09-11,twitter
2021,2481,2015-10-11,organic
2022,2481,2015-11-09,adwords
2023,2481,2015-12-08,twitter
2024,2481,2016-01-06,facebook
2025,2481,2016-02-04,facebook
2026,2481,2016-03-04,adwords
2027,2481,2016-04-03,pinterest
2028,2481,2016-05-02,direct
2029,2481,2016-06-01,twitter
2030,2481,2016-07-01,pinterest
2031,2481,2016-07-31,direct
2032,2481,2016-08-29,organic
2033,2481,2016-09-28,adwords
2034,2481,2016-10-28,adwords
2035,2481,2016-11-27,facebook
2036,2481,2016-12-27,facebook
2037,2491,2016-11-11,adwords
2038,2491,2016-12-11,adwords
2039,2501,2016-03-21,adwords
2040,2501,2016-04-19,twitter
2041,2501,2016-05-19,adwords
2042,2501,2016-06-17,facebook
2043,2501,2016-07-16,adwords
2044,2501,2016-08-15,pinterest
2045,2501,2016-09-13,pinterest
2046,2501,2016-10-13,organic
2047,2501,2016-11-11,twitter
2048,2501,2016-12-10,direct
2049,2511,2016-06-15,twitter
2050,2511,2016-07-15,pinterest
2051,2511,2016-08-13,twitter
2052,2511,2016-09-12,pinterest
2053,2511,2016-10-12,pinterest
2054,2511,2016-11-11,organic
2055,2511,2016-12-11,organic
2056,2521,2016-05-14,organic
2057,2521,2016-06-13,pinterest
2058,2521,2016-07-12,pinterest
2059,2521,2016-08-11,twitter
2060,2521,2016-09-09,organic
2061,2521,2016-10-08,facebook
2062,2521,2016-11-06,twitter
2063,2521,2016-12-06,pinterest
2064,2531,2013-12-25,facebook
2065,2531,2014-01-23,organic
2066,2531,2014-02-21,direct
2067,2531,2014-03-23,adwords
2068,2531,2014-04-21,direct
2069,2531,2014-05-20,facebook
2070,2531,2014-06-18,facebook
2071,2531,2014-07-17,facebook
2072,2531,2014-08-16,twitter
2073,2531,2014-09-14,twitter
2074,2531,2014-10-14,pinterest
2075,2531,2014-11-12,twitter
2076,2531,2014-12-11,facebook
2077,2541,2013-12-21,facebook
2078,2541,2014-01-19,organic
2079,2541,2014-02-18,adwords
2080,2541,2014-03-20,organic
2081,2541,2014-04-19,pinterest
2082,2541,2014-05-18,pinterest
2083,2541,2014-06-17,direct
2084,2541,2014-07-17,twitter
2085,2541,2014-08-16,adwords
2086,2541,2014-09-15,direct
2087,2541,2014-10-15,twitter
2088,2541,2014-11-13,facebook
2089,2541,2014-12-12,direct
2090,2541,2015-01-11,direct
2091,2541,2015-02-10,adwords
2092,2541,2015-03-11,organic
2093,2541,2015-04-10,twitter
2094,2541,2015-05-10,pinterest
2095,2541,2015-06-08,pinterest
2096,2541,2015-07-07,facebook
2097,2541,2015-08-06,organic
2098,2541,2015-09-04,twitter
2099,2541,2015-10-03,facebook
2100,2541,2015-11-02,adwords
2101,2541,2015-12-01,pinterest
2102,2541,2015-12-30,twitter
2103,2541,2016-01-29,adwords
2104,2541,2016-02-27,pinterest
2105,2541,2016-03-27,adwords
2106,2541,2016-04-25,direct
2107,2541,2016-05-24,twitter
2108,2541,2016-06-23,facebook
2109,2541,2016-07-23,facebook
2110,2541,2016-08-22,facebook
2111,2541,2016-09-21,adwords
2112,2541,2016-10-21,twitter
2113,2541,2016-11-20,direct
2114,2541,2016-12-19,facebook
2115,2551,2016-06-24,direct
2116,2551,2016-07-23,adwords
2117,2551,2016-08-21,pinterest
2118,2551,2016-09-20,organic
2119,2551,2016-10-20,adwords
2120,2551,2016-11-18,organic
2121,2551,2016-12-17,pinterest
2122,2561,2016-11-23,facebook
2123,2561,2016-12-23,adwords
2124,2571,2013-12-19,twitter
2125,2571,2014-01-17,adwords
2126,2571,2014-02-16,twitter
2127,2571,2014-03-18,facebook
2128,2571,2014-04-16,pinterest
2129,2571,2014-05-16,organic
2130,2571,2014-06-15,facebook
2131,2571,2014-07-15,pinterest
2132,2571,2014-08-14,direct
2133,2571,2014-09-12,twitter
2134,2571,2014-10-11,adwords
2135,2571,2014-11-09,pinterest
2136,2581,2016-10-19,organic
2137,2581,2016-11-18,twitter
2138,2581,2016-12-18,facebook
2139,2591,2013-12-11,adwords
2140,2591,2014-01-10,facebook
2141,2591,2014-02-08,adwords
2142,2591,2014-03-09,twitter
2143,2591,2014-04-07,direct
2144,2591,2014-05-07,facebook
2145,2591,2014-06-05,twitter
2146,2591,2014-07-04,organic
2147,2591,2014-08-02,facebook
2148,2591,2014-08-31,facebook
2149,2591,2014-09-30,pinterest
2150,2591,2014-10-29,pinterest
2151,2591,2014-11-27,facebook
2152,2591,2014-12-27,pinterest
2153,2591,2015-01-26,twitter
2154,2591,2015-02-24,organic
2155,2591,2015-03-25,organic
2156,2591,2015-04-23,facebook
2157,2591,2015-05-23,pinterest
2158,2591,2015-06-22,pinterest
2159,2591,2015-07-21,adwords
2160,2591,2015-08-19,direct
2161,2591,2015-09-18,direct
2162,2591,2015-10-17,organic
2163,2591,2015-11-15,direct
2164,2591,2015-12-14,twitter
2165,2591,2016-01-12,pinterest
2166,2591,2016-02-11,adwords
2167,2591,2016-03-12,pinterest
2168,2591,2016-04-10,facebook
2169,2591,2016-05-10,direct
2170,2591,2016-06-08,direct
2171,2591,2016-07-08,organic
2172,2591,2016-08-06,organic
2173,2591,2016-09-04,adwords
2174,2591,2016-10-04,organic
2175,2591,2016-11-03,adwords
2176,2591,2016-12-02,facebook
2177,2591,2016-12-31,facebook
2178,2601,2015-02-06,facebook
2179,2601,2015-03-07,organic
2180,2601,2015-04-05,pinterest
2181,2601,2015-05-05,organic
2182,2601,2015-06-03,pinterest
2183,2601,2015-07-02,direct
2184,2601,2015-07-31,facebook
2185,2601,2015-08-29,adwords
2186,2601,2015-09-28,facebook
2187,2601,2015-10-28,adwords
2188,2601,2015-11-27,facebook
2189,2611,2015-11-20,adwords
2190,2611,2015-12-20,pinterest
2191,2611,2016-01-19,organic
2192,2611,2016-02-17,pinterest
2193,2611,2016-03-17,facebook
2194,2611,2016-04-16,pinterest
2195,2611,2016-05-15,direct
2196,2611,2016-06-13,facebook
2197,2611,2016-07-13,pinterest
2198,2611,2016-08-12,pinterest
2199,2611,2016-09-11,pinterest
2200,2611,2016-10-11,facebook
2201,2611,2016-11-10,adwords
2202,2611,2016-12-09,twitter
2203,2621,2016-10-15,adwords
2204,2621,2016-11-14,twitter
2205,2621,2016-12-14,facebook
2206,2631,2013-12-23,direct
2207,2631,2014-01-21,organic
2208,2631,2014-02-19,pinterest
2209,2631,2014-03-20,direct
2210,2631,2014-04-18,facebook
2211,2631,2014-05-18,organic
2212,2631,2014-06-16,organic
2213,2631,2014-07-15,organic
2214,2631,2014-08-14,adwords
2215,2631,2014-09-13,organic
2216,2631,2014-10-13,adwords
2217,2631,2014-11-12,facebook
2218,2631,2014-12-11,pinterest
2219,2631,2015-01-10,organic
2220,2631,2015-02-08,adwords
2221,2631,2015-03-09,organic
2222,2631,2015-04-08,adwords
2223,2631,2015-05-08,organic
2224,2631,2015-06-07,facebook
2225,2631,2015-07-07,pinterest
2226,2631,2015-08-06,twitter
2227,2631,2015-09-04,pinterest
2228,2631,2015-10-04,facebook
2229,2631,2015-11-02,direct
2230,2631,2015-12-01,twitter
2231,2631,2015-12-31,organic
2232,2631,2016-01-29,facebook
2233,2631,2016-02-28,organic
2234,2631,2016-03-29,twitter
2235,2631,2016-04-27,organic
2236,2631,2016-05-27,twitter
2237,2631,2016-06-26,organic
2238,2631,2016-07-25,facebook
2239,2631,2016-08-23,twitter
2240,2631,2016-09-21,pinterest
2241,2631,2016-10-20,twitter
2242,2631,2016-11-18,direct
2243,2631,2016-12-17,pinterest
2244,2641,2016-03-27,organic
2245,2641,2016-04-25,adwords
2246,2641,2016-05-24,organic
2247,2641,2016-06-23,pinterest
2248,2641,2016-07-22,facebook
2249,2641,2016-08-20,pinterest
2250,2641,2016-09-19,adwords
2251,2641,2016-10-19,organic
2252,2641,2016-11-17,organic
2253,2641,2016-12-16,direct
2254,2651,2016-04-21,direct
2255,2651,2016-05-21,direct
2256,2651,2016-06-19,organic
2257,2651,2016-07-19,organic
2258,2651,2016-08-17,pinterest
2259,2651,2016-09-16,adwords
2260,2651,2016-10-15,direct
2261,2651,2016-11-13,adwords
2262,2661,2016-06-02,adwords
2263,2661,2016-07-02,facebook
2264,2661,2016-07-31,pinterest
2265,2661,2016-08-30,facebook
2266,2661,2016-09-28,twitter
2267,2661,2016-10-27,facebook
2268,2661,2016-11-25,facebook
2269,2661,2016-12-24,facebook
2270,2671,2014-12-17,direct
2271,2671,2015-01-15,adwords
2272,2671,2015-02-13,facebook
2273,2671,2015-03-14,facebook
2274,2671,2015-04-12,twitter
2275,2671,2015-05-11,pinterest
2276,2671,2015-06-09,organic
2277,2671,2015-07-09,twitter
2278,2671,2015-08-08,direct
2279,2671,2015-09-07,direct
2280,2671,2015-10-07,facebook
2281,2671,2015-11-06,pinterest
2282,2671,2015-12-06,pinterest
2283,2671,2016-01-04,organic
2284,2671,2016-02-02,direct
2285,2671,2016-03-02,facebook
2286,2671,2016-04-01,organic
2287,2671,2016-04-30,adwords
2288,2671,2016-05-30,adwords
2289,2671,2016-06-29,pinterest
2290,2671,2016-07-29,organic
2291,2671,2016-08-27,organic
2292,2671,2016-09-25,adwords
2293,2671,2016-10-25,adwords
2294,2671,2016-11-23,facebook
2295,2671,2016-12-23,facebook
2296,2681,2015-03-27,adwords
2297,2681,2015-04-26,twitter
2298,2681,2015-05-25,facebook
2299,2681,2015-06-24,pinterest
2300,2681,2015-07-24,twitter
2301,2681,2015-08-22,organic
2302,2681,2015-09-21,twitter
2303,2681,2015-10-20,pinterest
2304,2681,2015-11-19,pinterest
2305,2681,2015-12-19,facebook
2306,2681,2016-01-18,organic
2307,2681,2016-02-16,direct
2308,2681,2016-03-17,adwords
2309,2681,2016-04-16,twitter
2310,2681,2016-05-15,direct
2311,2681,2016-06-13,twitter
2312,2681,2016-07-12,twitter
2313,2681,2016-08-10,pinterest
2314,2681,2016-09-09,pinterest
2315,2681,2016-10-09,pinterest
2316,2681,2016-11-08,twitter
2317,2681,2016-12-08,twitter
2318,2691,2015-08-12,pinterest
2319,2691,2015-09-11,facebook
2320,2691,2015-10-10,pinterest
2321,2691,2015-11-09,adwords
2322,2691,2015-12-09,adwords
2323,2691,2016-01-07,direct
2324,2691,2016-02-06,direct
2325,2691,2016-03-07,direct
2326,2691,2016-04-05,direct
2327,2691,2016-05-05,organic
2328,2691,2016-06-03,organic
2329,2691,2016-07-03,organic
2330,2691,2016-08-01,twitter
2331,2691,2016-08-30,direct
2332,2691,2016-09-29,facebook
2333,2691,2016-10-29,organic
2334,2691,2016-11-28,direct
2335,2691,2016-12-28,direct
2336,2701,2015-11-24,twitter
2337,2701,2015-12-24,facebook
2338,2701,2016-01-23,organic
2339,2701,2016-02-22,direct
2340,2701,2016-03-22,pinterest
2341,2701,2016-04-20,pinterest
2342,2701,2016-05-20,facebook
2343,2701,2016-06-19,organic
2344,2701,2016-07-18,twitter
2345,2701,2016-08-16,adwords
2346,2701,2016-09-15,adwords
2347,2701,2016-10-14,pinterest
2348,2701,2016-11-12,twitter
2349,2701,2016-12-11,facebook
2350,2711,2016-04-19,adwords
2351,2711,2016-05-19,twitter
2352,2711,2016-06-18,pinterest
2353,2711,2016-07-17,facebook
2354,2711,2016-08-16,facebook
2355,2711,2016-09-14,pinterest
2356,2711,2016-10-13,direct
2357,2711,2016-11-12,facebook
2358,2711,2016-12-11,organic
2359,2721,2016-11-15,organic
2360,2721,2016-12-15,adwords
2361,2731,2013-12-08,twitter
2362,2731,2014-01-07,organic
2363,2731,2014-02-05,twitter
2364,2731,2014-03-06,direct
2365,2731,2014-04-05,pinterest
2366,2731,2014-05-05,adwords
2367,2731,2014-06-04,pinterest
2368,2731,2014-07-04,facebook
2369,2731,2014-08-03,pinterest
2370,2731,2014-09-01,adwords
2371,2731,2014-09-30,direct
2372,2731,2014-10-29,direct
2373,2731,2014-11-27,organic
2374,2731,2014-12-27,facebook
2375,2731,2015-01-25,direct
2376,2731,2015-02-23,twitter
2377,2731,2015-03-24,organic
2378,2731,2015-04-22,facebook
2379,2731,2015-05-22,direct
2380,2731,2015-06-21,facebook
2381,2731,2015-07-20,twitter
2382,2731,2015-08-18,pinterest
2383,2731,2015-09-17,adwords
2384,2731,2015-10-17,twitter
2385,2731,2015-11-15,adwords
2386,2731,2015-12-14,organic
2387,2731,2016-01-13,organic
2388,2731,2016-02-12,facebook
2389,2731,2016-03-12,adwords
2390,2731,2016-04-10,direct
2391,2731,2016-05-09,adwords
2392,2731,2016-06-08,twitter
2393,2731,2016-07-08,direct
2394,2731,2016-08-07,direct
2395,2731,2016-09-05,adwords
2396,2731,2016-10-05,direct
2397,2731,2016-11-03,facebook
2398,2731,2016-12-02,twitter
2399,2731,2016-12-31,adwords
2400,2741,2016-07-19,twitter
2401,2741,2016-08-18,pinterest
2402,2741,2016-09-17,twitter
2403,2741,2016-10-17,direct
2404,2741,2016-11-16,direct
2405,2741,2016-12-15,pinterest
2406,2751,2016-10-28,twitter
2407,2751,2016-11-26,pinterest
2408,2751,2016-12-26,organic
2409,2761,2016-10-12,pinterest
2410,2761,2016-11-11,organic
2411,2761,2016-12-10,twitter
2412,2771,2013-12-19,organic
2413,2771,2014-01-18,twitter
2414,2771,2014-02-16,organic
2415,2771,2014-03-18,organic
2416,2781,2016-12-10,twitter
2417,2791,2016-10-28,adwords
2418,2791,2016-11-27,adwords
2419,2791,2016-12-26,pinterest
2420,2801,2016-03-07,facebook
2421,2801,2016-04-05,twitter
2422,2801,2016-05-05,adwords
2423,2801,2016-06-03,twitter
2424,2801,2016-07-03,facebook
2425,2811,2016-10-01,direct
2426,2811,2016-10-30,direct
2427,2811,2016-11-28,pinterest
2428,2811,2016-12-27,adwords
2429,2821,2016-07-31,direct
2430,2821,2016-08-29,organic
2431,2821,2016-09-27,pinterest
2432,2821,2016-10-26,organic
2433,2821,2016-11-24,direct
2434,2821,2016-12-23,twitter
2435,2831,2016-04-26,twitter
2436,2831,2016-05-25,twitter
2437,2831,2016-06-23,direct
2438,2831,2016-07-22,facebook
2439,2831,2016-08-20,twitter
2440,2831,2016-09-18,adwords
2441,2831,2016-10-18,adwords
2442,2831,2016-11-17,pinterest
2443,2831,2016-12-16,direct
2444,2841,2016-01-09,direct
2445,2841,2016-02-08,direct
2446,2841,2016-03-09,organic
2447,2841,2016-04-08,direct
2448,2841,2016-05-08,adwords
2449,2841,2016-06-06,organic
